datum;ags;Strassen-Name;Hausnummern-Bereich;PLZ;Ortsteil;Bezirk-Nr
26.05.2019;09663000;Abtsleitenweg;;97074;;083
26.05.2019;09663000;Adalberostr.;;97072;;093
26.05.2019;09663000;Adalbert-Stifter-Weg;;97082;;143
26.05.2019;09663000;Adam-Güthlein-Str.;;97078;;152
26.05.2019;09663000;Adelgundenweg;;97082;;026
26.05.2019;09663000;Agnes-Sapper-Str.;;97074;;085
26.05.2019;09663000;Ahornweg;;97076;;167
26.05.2019;09663000;Akaziensteige;1-20B;97084;;134
26.05.2019;09663000;Akaziensteige;21-35;97084;;137
26.05.2019;09663000;Alandsgrundweg;;97074;;082
26.05.2019;09663000;Albert-Balling-Gasse;;97084;;111
26.05.2019;09663000;Albert-Einstein-Str.;;97080;;036
26.05.2019;09663000;Albert-Hoffa-Str.;1-6B,8-10;97074;;074
26.05.2019;09663000;Albert-Hoffa-Str.;7,12-18A;97074;;084
26.05.2019;09663000;Albert-Schweitzer-Str.;;97076;;164
26.05.2019;09663000;Albertsleitenweg;;97080;;038
26.05.2019;09663000;Alfons-M-Mitnacht-Str.;2-18A ger.;97076;;166
26.05.2019;09663000;Alfons-M-Mitnacht-Str.;1-15 ung.;97076;;167
26.05.2019;09663000;Alfred-Nobel-Str.;;97080;;036
26.05.2019;09663000;Allendorfweg;;97084;;118
26.05.2019;09663000;Alte Fernstr.;;97074;;085
26.05.2019;09663000;Alte Kasernstr.;;97082;;016
26.05.2019;09663000;Alte Mainbrücke;;97070;;004
26.05.2019;09663000;Alte Würzburger Straße;;97076;;164
26.05.2019;09663000;Alter Bergweg;;97080;;040
26.05.2019;09663000;Am Altenberg;;97078;;151
26.05.2019;09663000;Am Bauhof;;97076;;164
26.05.2019;09663000;Am Baumland;;97084;;135
26.05.2019;09663000;Am Bruderhof;;97070;;002
26.05.2019;09663000;Am Brunnen;;97084;;136
26.05.2019;09663000;Am Brünnlein;;97084;;136
26.05.2019;09663000;Am Dicken Turm;;97082;;016
26.05.2019;09663000;Am Döle;;97084;;112
26.05.2019;09663000;Am Dürrbach;;97080;;036
26.05.2019;09663000;Am Eselsbach;;97078;;155
26.05.2019;09663000;Am Exerzierplatz;;97072;;093
26.05.2019;09663000;Am Feldkreuz;;97084;;136
26.05.2019;09663000;Am Galgenberg;1-39;97074;;074
26.05.2019;09663000;Am Galgenberg;52A-52K;97074;;085
26.05.2019;09663000;Am Greinberg;;97076;;051
26.05.2019;09663000;Am Handelshof;;97076;;164
26.05.2019;09663000;Am Hasensprung;;97076;;165
26.05.2019;09663000;Am Heigelsbach;;97084;;114
26.05.2019;09663000;Am Heuchel;1-11 ung.;97084;;134
26.05.2019;09663000;Am Heuchel;8-14 ger.;97084;;137
26.05.2019;09663000;Am Hölzlein;1;97076;;162
26.05.2019;09663000;Am Hölzlein;1A-71 ung.,82-116;97076;;168
26.05.2019;09663000;Am Hölzlein;4-80 ger.;97076;;169
26.05.2019;09663000;Am Hubland;;97074;;085
26.05.2019;09663000;Am Hungrigen Bühl;;97084;;117
26.05.2019;09663000;Am Kugelfang;;97074;;074
26.05.2019;09663000;Am Kuhberg;;97080;;038
26.05.2019;09663000;Am Mühlenhang;1-7 ung.,8-26;97076;;162
26.05.2019;09663000;Am Mühlenhang;2-6 ger.;97076;;168
26.05.2019;09663000;Am Nikolausspital;15-19;97084;;110
26.05.2019;09663000;Am Nikolausspital;1-13;97084;;111
26.05.2019;09663000;Am Nikolaustor;;97084;;111
26.05.2019;09663000;Am Ostbahnhof;;97084;;112
26.05.2019;09663000;Am Pleidenturm;1-9 ung.;97070;;005
26.05.2019;09663000;Am Pleidenturm;2-10 ger.,11-16;97070;;006
26.05.2019;09663000;Am Riedelskreuz;;97080;;036
26.05.2019;09663000;Am Roßberg;;97080;;036
26.05.2019;09663000;Am Rubenland;;97084;;115
26.05.2019;09663000;Am Salmannsturm;;97084;;112
26.05.2019;09663000;Am Sand;;97080;;039
26.05.2019;09663000;Am Schaftrieb;;97080;;040
26.05.2019;09663000;Am Schellengraben;;97084;;125
26.05.2019;09663000;Am Schießgraben;;97076;;165
26.05.2019;09663000;Am Schloß;;97084;;134
26.05.2019;09663000;Am Schloßgarten;4;97076;;165
26.05.2019;09663000;Am Schloßgarten;1-5 ung.,6-24;97076;;166
26.05.2019;09663000;Am Schwarzenberg;;97078;;064
26.05.2019;09663000;Am Sonnenberg;;97078;;151
26.05.2019;09663000;Am Sonnenhof;;97076;;164
26.05.2019;09663000;Am Sonnfeld;;97076;;160
26.05.2019;09663000;Am Stadtberg;;97078;;150
26.05.2019;09663000;Am Steg;;97078;;155
26.05.2019;09663000;Am Stein;;97080;;045
26.05.2019;09663000;Am Stockbrunnen;;97084;;136
26.05.2019;09663000;Am Stuck;;97076;;169
26.05.2019;09663000;Am Studentenhaus;;97072;;093
26.05.2019;09663000;Am Terrassenpark;;97074;;072
26.05.2019;09663000;Am Trog;;97076;;169
26.05.2019;09663000;Am Wald;;97082;;143
26.05.2019;09663000;Am Wandberg;;97080;;041
26.05.2019;09663000;Am Weinberg;;97076;;168
26.05.2019;09663000;Am Westbahnhof;;97084;;114
26.05.2019;09663000;Am Zehentfreien;;97078;;154
26.05.2019;09663000;Amalienstr.;;97072;;092
26.05.2019;09663000;An den Breiten;;97078;;154
26.05.2019;09663000;An den drei Pappeln;;97082;;144
26.05.2019;09663000;An den Mühltannen;;97080;;039
26.05.2019;09663000;An den Röthen;;97080;;039
26.05.2019;09663000;An der Jahnhöhe;;97084;;110
26.05.2019;09663000;An der Linde;;97078;;152
26.05.2019;09663000;An der Löwenbrücke;;97070;;006
26.05.2019;09663000;An der Pleichach;1,3-8;97078;;153
26.05.2019;09663000;An der Pleichach;2;97078;;155
26.05.2019;09663000;An der Stadtmauer;1,1A;97084;;110
26.05.2019;09663000;An der Stadtmauer;2-11;97084;;111
26.05.2019;09663000;An der Steige;;97080;;041
26.05.2019;09663000;An der Sternwarte;;97074;;082
26.05.2019;09663000;Andreas-Grieser-Str.;;97084;;110
26.05.2019;09663000;Anemonenweg;6-10 ger.,11-31;97084;;134
26.05.2019;09663000;Anemonenweg;1-5,7,9;97084;;137
26.05.2019;09663000;Angermaierstr.;21-29 ung.,30-89;97076;;161
26.05.2019;09663000;Angermaierstr.;3-20A,22-28 ger.;97076;;169
26.05.2019;09663000;Annastr.;8-13,14,16,17A,18,20;97072;;013
26.05.2019;09663000;Annastr.;13A-17 ung.,22-30;97072;;014
26.05.2019;09663000;Annastr.;19;97072;;015
26.05.2019;09663000;Anne-Frank-Str.;;97082;;142
26.05.2019;09663000;Anton-Bruckner-Str.;;97074;;080
26.05.2019;09663000;Antonie-Werr-Str.;4-12 ger.;97082;;024
26.05.2019;09663000;Antonie-Werr-Str.;3-9 ung.;97082;;026
26.05.2019;09663000;Antonius-Lauck-Str.;;97084;;112
26.05.2019;09663000;Armin-Knab-Str.;;97074;;074
26.05.2019;09663000;Arndtstr.;33-44;97072;;095
26.05.2019;09663000;Arndtstr.;1-15 ung.;97072;;098
26.05.2019;09663000;Arndtstr.;17-29 ung.,31;97072;;099
26.05.2019;09663000;Arndtstr.;10-28 ger.,29A,30-32A ger.;97072;;100
26.05.2019;09663000;Arndtstr.;2,6;97072;;101
26.05.2019;09663000;Arztlade;;97070;;001
26.05.2019;09663000;Athanasius-Kircher-Str.;;97074;;085
26.05.2019;09663000;Athener Ring;2-14 ger.,15-29 ung.;97084;;125
26.05.2019;09663000;Athener Ring;1-13 ung.,16-32 ger.,33-110;97084;;133
26.05.2019;09663000;Auf der Läng;;97076;;165
26.05.2019;09663000;Auf der Röthe;1-9 ung.,10-45;97076;;164
26.05.2019;09663000;Auf der Röthe;2-8 ger.;97076;;165
26.05.2019;09663000;Auf der Schanz;1-36,38-156 ger.;97076;;160
26.05.2019;09663000;Auf der Schanz;37-43 ung.;97076;;162
26.05.2019;09663000;Augustinerstr.;;97070;;001
26.05.2019;09663000;August-Sperl-Str.;;97074;;079
26.05.2019;09663000;Äußere Aumühlstr.;;97076;;051
26.05.2019;09663000;Äußerer Neubergweg;;97074;;082
26.05.2019;09663000;Äußerer Tränkeweg;;97074;;072
26.05.2019;09663000;Auverastr.;;97080;;046
26.05.2019;09663000;Bachgasse;;97070;;008
26.05.2019;09663000;Badergasse;;97070;;007
26.05.2019;09663000;Bahnhofstr.;8-24Stw. 3;97070;;009
26.05.2019;09663000;Bahnhofstr.;1-5 ung.;97070;;010
26.05.2019;09663000;Balth.-Neumann-Promenade;;97070;;002
26.05.2019;09663000;Banatstr.;;97078;;155
26.05.2019;09663000;Barbarastr.;9-41D ung.;97074;;070
26.05.2019;09663000;Barbarastr.;8-44 ger.,45-54;97074;;071
26.05.2019;09663000;Barbarastr.;56-78;97074;;072
26.05.2019;09663000;Barbarossaplatz;1;97070;;008
26.05.2019;09663000;Barbarossaplatz;5;97070;;009
26.05.2019;09663000;Barbarossaplatz;4;97070;;010
26.05.2019;09663000;Bärengasse;;97070;;008
26.05.2019;09663000;Bauernpfad;;97084;;118
26.05.2019;09663000;Bayernstr.;1-35 ung.;97078;;063
26.05.2019;09663000;Bayernstr.;2-26 ger.;97078;;064
26.05.2019;09663000;Beethovenstr.;;97080;;013
26.05.2019;09663000;Behrstr.;;97074;;078
26.05.2019;09663000;Bei der Neumühle;;97078;;064
26.05.2019;09663000;Beim Grafeneckart;;97070;;001
26.05.2019;09663000;Belgrader Str.;;97084;;133
26.05.2019;09663000;Bentheimstr.;;97072;;091
26.05.2019;09663000;Benzstr.;14A-30 ger.;97082;;021
26.05.2019;09663000;Benzstr.;7-17B ung.;97082;;024
26.05.2019;09663000;Berggasse;;97084;;112
26.05.2019;09663000;Bergmeistergasse;;97070;;005
26.05.2019;09663000;Bergstr.;1-59 ung.;97076;;161
26.05.2019;09663000;Bergstr.;2-70 ger.;97076;;162
26.05.2019;09663000;Berlichingenstr.;;97084;;114
26.05.2019;09663000;Berliner Platz;7-8;97080;;009
26.05.2019;09663000;Berliner Platz;2-6;97080;;011
26.05.2019;09663000;Berner Str.;4-10 ger.,11A,16-20 ger.;97084;;125
26.05.2019;09663000;Berner Str.;3-11 ung.,13-33 ung.;97084;;131
26.05.2019;09663000;Betpfad;;97082;;142
26.05.2019;09663000;Bibrastr.;;97070;;002
26.05.2019;09663000;Birkenhain;;97080;;037
26.05.2019;09663000;Birkenstr.;;97076;;167
26.05.2019;09663000;Bismarckstr.;;97080;;012
26.05.2019;09663000;Blasiusgasse;;97070;;004
26.05.2019;09663000;Blöhlein;;97070;;003
26.05.2019;09663000;Blosenbergweg;;97084;;119
26.05.2019;09663000;Bockgasse;;97070;;001
26.05.2019;09663000;Bodelschwinghstr.;;97074;;083
26.05.2019;09663000;Bohlleitenweg;27-107A;97082;;027
26.05.2019;09663000;Bohlleitenweg;1-25;97082;;029
26.05.2019;09663000;Bohnesmühlgasse;;97070;;008
26.05.2019;09663000;Bonhoefferstr.;;97078;;153
26.05.2019;09663000;Bonner Str.;;97084;;127
26.05.2019;09663000;Bossistr.;;97080;;047
26.05.2019;09663000;Boßletstr.;;97074;;084
26.05.2019;09663000;Breite Länge;;97078;;155
26.05.2019;09663000;Bremenweg;1-14B,16-24 ger.;97084;;115
26.05.2019;09663000;Bremenweg;15-23 ung.,26-38;97084;;116
26.05.2019;09663000;Breslauer Str.;1;97072;;100
26.05.2019;09663000;Breslauer Str.;2-26,28-34A ger.;97072;;101
26.05.2019;09663000;Breslauer Str.;27-35 ung.,36-46;97072;;102
26.05.2019;09663000;Brettreichstr.;1-9 ung.;97074;;078
26.05.2019;09663000;Brettreichstr.;2A;97074;;079
26.05.2019;09663000;Brettreichstr.;6,11-18;97074;;080
26.05.2019;09663000;Brombergweg;;97084;;137
26.05.2019;09663000;Bronnbachergasse;14-20 ger.,21-43;97070;;003
26.05.2019;09663000;Bronnbachergasse;3-13A,15-19A ung.;97070;;004
26.05.2019;09663000;Bronnbacherhof;;97070;;003
26.05.2019;09663000;Brücknerstr.;19,21-32;97080;;045
26.05.2019;09663000;Brücknerstr.;1-11 ung.,12-16,20;97080;;046
26.05.2019;09663000;Brücknerstr.;2-10 ger.;97080;;048
26.05.2019;09663000;Brunnenstr.;;97078;;152
26.05.2019;09663000;Brunnfloßgasse;3-18,20-26 ger.;97078;;153
26.05.2019;09663000;Brunnfloßgasse;19-35 ung.;97078;;154
26.05.2019;09663000;Brunnleiten;;97078;;154
26.05.2019;09663000;Brunostr.;2-14 ger.,15-22A;97082;;028
26.05.2019;09663000;Brunostr.;1-13A ung.;97082;;029
26.05.2019;09663000;Brüsseler Str.;6-14 ger.;97084;;127
26.05.2019;09663000;Brüsseler Str.;3-17Stw. 3 ung.;97084;;128
26.05.2019;09663000;Buchengraben;;97080;;040
26.05.2019;09663000;Buchenweg;;97076;;167
26.05.2019;09663000;Budapester Str.;;97084;;130
26.05.2019;09663000;Bukarester Str.;;97084;;131
26.05.2019;09663000;Bürgermeister-Otto-Str.;;97084;;112
26.05.2019;09663000;Burkarderstr.;;97082;;017
26.05.2019;09663000;Büttnerstr.;;97070;;001
26.05.2019;09663000;Carl-Orff-Str.;;97076;;167
26.05.2019;09663000;Carl-Zeiss-Str.;;97076;;169
26.05.2019;09663000;Christoph-Mayer-Weg;;97082;;144
26.05.2019;09663000;Conradistr.;;97072;;095
26.05.2019;09663000;Crevennastr.;1-5,7-11 ung.;97072;;013
26.05.2019;09663000;Crevennastr.;6-10 ger.;97072;;014
26.05.2019;09663000;Cronthalstr.;2-16 ger.;97074;;082
26.05.2019;09663000;Cronthalstr.;5-25 ung.;97074;;083
26.05.2019;09663000;Daimlerstr.;;97082;;021
26.05.2019;09663000;Damaschkestr.;;97074;;083
26.05.2019;09663000;Danziger Str.;;97072;;101
26.05.2019;09663000;Delphiweg;;97084;;133
26.05.2019;09663000;Delpstr.;;97084;;136
26.05.2019;09663000;Den Haager Str.;;97084;;128
26.05.2019;09663000;Dettelbachergasse;;97070;;004
26.05.2019;09663000;Dieselstr.;;97082;;021
26.05.2019;09663000;Dollgasse;;97084;;111
26.05.2019;09663000;Domerpfarrgasse;;97070;;002
26.05.2019;09663000;Domerschulstr.;4-8 ger.;97070;;001
26.05.2019;09663000;Domerschulstr.;5-11 ung.,16-19;97070;;002
26.05.2019;09663000;Dominikanergasse;;97070;;003
26.05.2019;09663000;Dominikanerplatz;;97070;;003
26.05.2019;09663000;Domstr.;4-34 ger.;97070;;001
26.05.2019;09663000;Domstr.;38;97070;;002
26.05.2019;09663000;Domstr.;3-23 ung.;97070;;004
26.05.2019;09663000;Domweg;1-12A,14;97084;;115
26.05.2019;09663000;Domweg;13-19A ung.,20-30;97084;;116
26.05.2019;09663000;Dorfäcker;;97084;;135
26.05.2019;09663000;Dorfgraben;;97076;;166
26.05.2019;09663000;Dorfplatz;;97080;;040
26.05.2019;09663000;Dornröschenweg;;97084;;119
26.05.2019;09663000;Dr.-Georg-Fuchs-Str.;;97074;;085
26.05.2019;09663000;Dr.-Georg-Teichtweier-Str;2-6;97076;;167
26.05.2019;09663000;Dr.-Georg-Teichtweier-Str;1;97076;;168
26.05.2019;09663000;Dr.-Heinr.-Wunderlich-Str;2-6 ger.;97076;;167
26.05.2019;09663000;Dr.-Heinr.-Wunderlich-Str;7;97076;;168
26.05.2019;09663000;Dr.-Johanna-Stahl-Str.;;97084;;136
26.05.2019;09663000;Dr.-Maria-Probst-Str.;;97082;;020
26.05.2019;09663000;Dr.-Onymus-Str.;1-20,22,24;97080;;040
26.05.2019;09663000;Dr.-Onymus-Str.;21-25 ung.,26-56;97080;;041
26.05.2019;09663000;Dreikronenstr.;5-31;97082;;016
26.05.2019;09663000;Dreikronenstr.;1,1A;97082;;017
26.05.2019;09663000;Dritte Felsengasse;;97082;;017
26.05.2019;09663000;Dubliner Str.;1-37 ung.;97084;;125
26.05.2019;09663000;Dubliner Str.;4-152 ger.;97084;;126
26.05.2019;09663000;Dundeestr.;;97084;;132
26.05.2019;09663000;Dürerstr.;1;97072;;014
26.05.2019;09663000;Dürerstr.;3-14;97072;;015
26.05.2019;09663000;Dürrbachtal;10-114;97080;;037
26.05.2019;09663000;Dürrbachtal;116-238;97080;;038
26.05.2019;09663000;Dürrenberg;;97084;;112
26.05.2019;09663000;Ebertsklinge;;97074;;081
26.05.2019;09663000;Ebracher Gasse;;97070;;002
26.05.2019;09663000;Edelstr.;;97074;;081
26.05.2019;09663000;Edith-Stein-Str.;;97084;;136
26.05.2019;09663000;Eduard-Buchner-Str.;;97080;;036
26.05.2019;09663000;Egloffsteinstr.;2-6 ger.,7-16Stw. 2;97072;;098
26.05.2019;09663000;Egloffsteinstr.;1-5 ung.;97072;;099
26.05.2019;09663000;Eibelstadter Weg;;97084;;135
26.05.2019;09663000;Eibenweg;;97084;;136
26.05.2019;09663000;Eichendorffstr.;2-4A ger.;97072;;093
26.05.2019;09663000;Eichendorffstr.;6,6A,7A-8A,10-20 ger.;97072;;096
26.05.2019;09663000;Eichendorffstr.;1-7 ung.,9-15 ung.;97072;;097
26.05.2019;09663000;Eichenweg;;97084;;137
26.05.2019;09663000;Eichhornstr.;6-8A ger.;97070;;002
26.05.2019;09663000;Eichhornstr.;3-7 ung.,10-26;97070;;003
26.05.2019;09663000;Eisenbahnstr.;2-7;97084;;114
26.05.2019;09663000;Eisenbahnstr.;8-25;97084;;115
26.05.2019;09663000;Eisenbahnstr.;27-64;97084;;116
26.05.2019;09663000;Eiseneckstr.;;97082;;021
26.05.2019;09663000;Eisenhoferstr.;;97074;;076
26.05.2019;09663000;Eisenmannstr.;;97074;;076
26.05.2019;09663000;Elefantengasse;1-11 ung.;97070;;005
26.05.2019;09663000;Elefantengasse;2-10 ger.;97070;;007
26.05.2019;09663000;Elferweg;;97074;;085
26.05.2019;09663000;Ellernweg;;97080;;038
26.05.2019;09663000;Elstergasse;;97082;;016
26.05.2019;09663000;Emy-Roeder-Str.;;97074;;079
26.05.2019;09663000;Engelsweg;;97084;;134
26.05.2019;09663000;Enzelinstr.;;97080;;051
26.05.2019;09663000;Ephesusweg;;97084;;125
26.05.2019;09663000;Erlenweg;;97076;;167
26.05.2019;09663000;Ernst-Reuter-Str.;12-22;97080;;045
26.05.2019;09663000;Ernst-Reuter-Str.;3-11;97080;;046
26.05.2019;09663000;Erste Felsengasse;;97082;;017
26.05.2019;09663000;Erster Siedlungsweg;;97082;;020
26.05.2019;09663000;Erthalstr.;1-9 ung.,11-25 ung.;97074;;077
26.05.2019;09663000;Erthalstr.;27-33 ung.,34-48;97074;;078
26.05.2019;09663000;Erthalstr.;2-8 ger.,9A-10A,12-32A ger.;97074;;079
26.05.2019;09663000;Eschenweg;;97084;;137
26.05.2019;09663000;Essiggarten;;97076;;168
26.05.2019;09663000;Essigkrug;;97078;;150
26.05.2019;09663000;Estenfelder Str.;2-30 ger.,31-32A,33B,34-48B ger.,49-110;97078;;152
26.05.2019;09663000;Estenfelder Str.;1-15 ung.;97078;;153
26.05.2019;09663000;Estenfelder Str.;17-25 ung.,33,33A,35-47 ung.;97078;;154
26.05.2019;09663000;Eulensteige;;97082;;143
26.05.2019;09663000;Falkenstr.;;97076;;164
26.05.2019;09663000;Faribaultstr.;;97084;;130
26.05.2019;09663000;Fasanenstr.;;97076;;165
26.05.2019;09663000;Fasbenderstr.;29-35;97082;;021
26.05.2019;09663000;Fasbenderstr.;1-27;97082;;023
26.05.2019;09663000;Faulenbergstr.;;97076;;169
26.05.2019;09663000;Fechenbachstr.;;97072;;101
26.05.2019;09663000;Felix-Dahn-Str.;3-10;97072;;091
26.05.2019;09663000;Felix-Dahn-Str.;1-1B;97072;;093
26.05.2019;09663000;Felix-Dahn-Str.;2;97072;;099
26.05.2019;09663000;Ferdinand-Nickles-Str.;52;97076;;161
26.05.2019;09663000;Ferdinand-Nickles-Str.;1-50;97076;;169
26.05.2019;09663000;Ferdinand-Tietz-Str.;;97074;;085
26.05.2019;09663000;Fichtestr.;;97074;;077
26.05.2019;09663000;Finkenweg;;97082;;143
26.05.2019;09663000;Fischleingasse;;97084;;111
26.05.2019;09663000;Florastr.;2,3A,4,5A;97072;;100
26.05.2019;09663000;Florastr.;1,3,5,7;97072;;101
26.05.2019;09663000;Floraweg;;97072;;095
26.05.2019;09663000;Florian-Geyer-Str.;2-72 ger.;97076;;160
26.05.2019;09663000;Florian-Geyer-Str.;1-107 ung.;97076;;162
26.05.2019;09663000;Flürleinstr.;1-11B;97076;;166
26.05.2019;09663000;Flürleinstr.;12-23,25,27;97076;;167
26.05.2019;09663000;Flürleinstr.;24-28 ger.,29-42;97076;;168
26.05.2019;09663000;Frankenstr.;170-198 ger.,201,203;97078;;062
26.05.2019;09663000;Frankenstr.;5-35 ung.,36-169,171-195 ung.;97078;;063
26.05.2019;09663000;Frankenstr.;24,26;97078;;064
26.05.2019;09663000;Frankenstr.;202,204-244;97078;;155
26.05.2019;09663000;Frankfurter Str.;62A-84 ger.,85A,86-100 ger.;97082;;020
26.05.2019;09663000;Frankfurter Str.;38-50E ger.,51C-52E,54;97082;;024
26.05.2019;09663000;Frankfurter Str.;6-10 ger.,11A,12-28A ger.;97082;;026
26.05.2019;09663000;Frankfurter Str.;71-79 ung.,87-99 ung.,122,142;97082;;027
26.05.2019;09663000;Frankfurter Str.;41-51B ung.,53-65 ung.;97082;;028
26.05.2019;09663000;Frankfurter Str.;1-11 ung.,13-29 ung.,30-37;97082;;030
26.05.2019;09663000;Franz-Brentano-Str.;;97074;;085
26.05.2019;09663000;Franz-Bretz-Str.;;97084;;117
26.05.2019;09663000;Franz-Horn-Str.;;97082;;020
26.05.2019;09663000;Franziskanergasse;;97070;;001
26.05.2019;09663000;Franziskanerplatz;;97070;;001
26.05.2019;09663000;Franz-Liszt-Str.;;97074;;076
26.05.2019;09663000;Franz-Ludwig-Str.;8-12 ger.,13-27;97072;;091
26.05.2019;09663000;Franz-Ludwig-Str.;1-7A,9-11 ung.;97072;;092
26.05.2019;09663000;Franz-Schubert-Str.;;97074;;075
26.05.2019;09663000;Franz-Stadelmayer-Str.;;97074;;081
26.05.2019;09663000;Frauenlandplatz;;97074;;078
26.05.2019;09663000;Frauenlandstr.;12-21;97074;;073
26.05.2019;09663000;Frauenlandstr.;2-11;97074;;075
26.05.2019;09663000;Frau-Holle-Weg;2-34 ger.,35A,36-40 ger.;97084;;117
26.05.2019;09663000;Frau-Holle-Weg;27-35 ung.,37-69 ung.;97084;;119
26.05.2019;09663000;Fraunhoferstr.;;97076;;051
26.05.2019;09663000;Friedenstr.;2-21,23-31A ung.;97072;;090
26.05.2019;09663000;Friedenstr.;35-67B ung.;97072;;091
26.05.2019;09663000;Friedenstr.;22-44 ger.;97072;;092
26.05.2019;09663000;Friedenstr.;46-56 ger.;97072;;093
26.05.2019;09663000;Friedhofstr.;;97084;;137
26.05.2019;09663000;Friedrich-Bergius-Ring;5-22,28;97076;;168
26.05.2019;09663000;Friedrich-Bergius-Ring;2,27,46;97076;;169
26.05.2019;09663000;Friedrich-Ebert-Ring;1-12;97072;;015
26.05.2019;09663000;Friedrich-Ebert-Ring;16-31;97072;;090
26.05.2019;09663000;Friedrich-Ebert-Ring;35;97072;;092
26.05.2019;09663000;Friedrich-Ebert-Ring;36-39;97072;;093
26.05.2019;09663000;Friedrich-Fick-Str.;;97074;;082
26.05.2019;09663000;Friedrich-Koenig-Str.;;97080;;036
26.05.2019;09663000;Friedrich-Kohlrausch-Str.;;97080;;036
26.05.2019;09663000;Friedrich-Spee-Str.;1-20A,22,25A;97072;;099
26.05.2019;09663000;Friedrich-Spee-Str.;21-25 ung.,26-35;97072;;100
26.05.2019;09663000;Friedrich-Spee-Str.;39-52;97072;;101
26.05.2019;09663000;Friedrich-Spee-Str.;55-73;97072;;102
26.05.2019;09663000;Friedrichstr.;4-8A ger.,11A,12-22 ger.;97082;;023
26.05.2019;09663000;Friedrichstr.;26-49;97082;;024
26.05.2019;09663000;Friedrichstr.;1-11 ung.,13-25A ung.;97082;;026
26.05.2019;09663000;Friesstr.;;97074;;076
26.05.2019;09663000;Fritz-Erler-Str.;;97076;;164
26.05.2019;09663000;Fritz-Haber-Str.;;97080;;036
26.05.2019;09663000;Fröbelstr.;;97074;;082
26.05.2019;09663000;Fröhlichstr.;2-8 ger.;97082;;028
26.05.2019;09663000;Fröhlichstr.;10-16 ger.;97082;;029
26.05.2019;09663000;Fröhlichstr.;3-11 ung.;97082;;030
26.05.2019;09663000;Frühlingstr.;;97076;;164
26.05.2019;09663000;Fuchsgasse;;97084;;112
26.05.2019;09663000;Füchsleinstr.;;97080;;045
26.05.2019;09663000;Gabelsbergerstr.;6-14 ger.,17;97080;;047
26.05.2019;09663000;Gabelsbergerstr.;1-7 ung.;97080;;048
26.05.2019;09663000;Gabelsbergerstr.;2-4 ger.;97080;;049
26.05.2019;09663000;Gadheimer Str.;;97080;;039
26.05.2019;09663000;Gänsleinsweg;;97082;;027
26.05.2019;09663000;Gartenstr.;;97072;;100
26.05.2019;09663000;Gattingerstr.;;97076;;051
26.05.2019;09663000;Gebrüder-Grimm-Str.;;97078;;155
26.05.2019;09663000;Gegenbaurstr.;1-7,9-25 ung.;97074;;078
26.05.2019;09663000;Gegenbaurstr.;8-10 ger.;97074;;080
26.05.2019;09663000;Geibelstr.;;97072;;095
26.05.2019;09663000;Georg-Böhm-Str.;;97080;;051
26.05.2019;09663000;Georg-Engel-Str.;;97076;;166
26.05.2019;09663000;Georg-Eydel-Str.;19,21;97082;;021
26.05.2019;09663000;Georg-Eydel-Str.;5-17;97082;;023
26.05.2019;09663000;Georg-Sittig-Str.;;97074;;081
26.05.2019;09663000;Gerberstr.;;97070;;008
26.05.2019;09663000;Gerbrunner Weg;;97074;;073
26.05.2019;09663000;Gertraudgasse;;97070;;008
26.05.2019;09663000;Gertraud-Rostosky-Str.;;97082;;140
26.05.2019;09663000;Gertrud-von-le-Fort-Str.;1-32A,32C-92;97074;;072
26.05.2019;09663000;Gertrud-von-le-Fort-Str.;32B;97074;;140
26.05.2019;09663000;Glacisweg;;97084;;112
26.05.2019;09663000;Glockengasse;;97070;;001
26.05.2019;09663000;Gneisenaustr.;4-18;97074;;070
26.05.2019;09663000;Gneisenaustr.;24A-100;97074;;071
26.05.2019;09663000;Goerdelerstr.;;97084;;136
26.05.2019;09663000;Goethestr.;;97072;;015
26.05.2019;09663000;Goldbergstr.;;97078;;152
26.05.2019;09663000;Gosbertsteige;;97082;;029
26.05.2019;09663000;Gotengasse;;97070;;001
26.05.2019;09663000;Grabenberg;;97070;;003
26.05.2019;09663000;Grabengasse;;97070;;003
26.05.2019;09663000;Grasweg;;97074;;073
26.05.2019;09663000;Greiffenclaustr.;;97072;;101
26.05.2019;09663000;Greisingstr.;;97074;;073
26.05.2019;09663000;Gressengasse;;97070;;004
26.05.2019;09663000;Griesäckerstr.;;97078;;154
26.05.2019;09663000;Grillparzerstr.;;97072;;095
26.05.2019;09663000;Grombühlstr.;3-14,16-18C ger.;97080;;046
26.05.2019;09663000;Grombühlstr.;15-19 ung.,20-41,43A,43B;97080;;048
26.05.2019;09663000;Grombühlstr.;42-46 ger.,47-53A;97080;;049
26.05.2019;09663000;Grombühlstr.;55;97080;;050
26.05.2019;09663000;Grundäckerstr.;;97080;;040
26.05.2019;09663000;Grünewaldstr.;;97072;;015
26.05.2019;09663000;Guggelesgraben;;97082;;143
26.05.2019;09663000;Gulbranssonstr.;;97082;;027
26.05.2019;09663000;Gutenbergstr.;;97080;;049
26.05.2019;09663000;Gutental;;97074;;082
26.05.2019;09663000;Guttenberger Str.;;97082;;143
26.05.2019;09663000;Haafstr.;;97082;;027
26.05.2019;09663000;Hackstetterstr.;;97074;;084
26.05.2019;09663000;Häfnergasse;2,4;97070;;003
26.05.2019;09663000;Häfnergasse;3,5;97070;;004
26.05.2019;09663000;Hahnenhof;;97070;;003
26.05.2019;09663000;Händelstr.;;97074;;074
26.05.2019;09663000;Handgasse;;97070;;010
26.05.2019;09663000;Hans-Löffler-Str.;4-54;97074;;082
26.05.2019;09663000;Hans-Löffler-Str.;1,3;97074;;083
26.05.2019;09663000;Hans-Sachs-Weg;;97082;;143
26.05.2019;09663000;Harfenstr.;;97080;;012
26.05.2019;09663000;Hartmannstr.;1-13 ung.,14-43;97082;;024
26.05.2019;09663000;Hartmannstr.;8-12 ger.;97082;;026
26.05.2019;09663000;Hartmannstr.;2-6 ger.;97082;;030
26.05.2019;09663000;Haugerglacisstr.;;97080;;009
26.05.2019;09663000;Haugerkirchgasse;;97070;;010
26.05.2019;09663000;Haugerpfarrgasse;;97070;;010
26.05.2019;09663000;Haugerring;;97070;;009
26.05.2019;09663000;Haydnstr.;1-17 ung.;97074;;074
26.05.2019;09663000;Haydnstr.;4-14 ger.;97074;;076
26.05.2019;09663000;Hebbelstr.;;97072;;095
26.05.2019;09663000;Hedanstr.;;97084;;112
26.05.2019;09663000;Heide;;97078;;151
26.05.2019;09663000;Heidingsfelder Weg;;97084;;125
26.05.2019;09663000;Heimgartenweg;;97074;;071
26.05.2019;09663000;Heinestr.;3-13 ung.;97070;;009
26.05.2019;09663000;Heinestr.;2-24 ger.;97070;;010
26.05.2019;09663000;Heinrich-Zeuner-Str.;2-66 ger.;97082;;143
26.05.2019;09663000;Heinrich-Zeuner-Str.;3-61 ung.,68-80;97082;;144
26.05.2019;09663000;Heisenbergstr.;26-32 ger.;97076;;160
26.05.2019;09663000;Heisenbergstr.;21A-29 ung.;97076;;161
26.05.2019;09663000;Heisenbergstr.;2-21;97076;;162
26.05.2019;09663000;Helsinkistr.;;97084;;130
26.05.2019;09663000;Henlestr.;;97074;;073
26.05.2019;09663000;Heriedenweg;2-12,85-90;97084;;118
26.05.2019;09663000;Heriedenweg;14,16;97084;;119
26.05.2019;09663000;Hermann-Löns-Weg;;97082;;143
26.05.2019;09663000;Hermann-Mitnacht-Str.;;97076;;166
26.05.2019;09663000;Hermann-Schell-Str.;;97074;;070
26.05.2019;09663000;Hermann-Zilcher-Str.;8-12 ger.;97074;;077
26.05.2019;09663000;Hermann-Zilcher-Str.;1-7,9;97074;;078
26.05.2019;09663000;Hermann-Zürrlein-Str.;;97076;;168
26.05.2019;09663000;Herrnhofstr.;2-14 ger.;97076;;165
26.05.2019;09663000;Herrnhofstr.;3-9 ung.;97076;;166
26.05.2019;09663000;Herrnstr.;;97070;;002
26.05.2019;09663000;Herta-Mannheimer-Weg;;97084;;115
26.05.2019;09663000;Hertzstr.;;97076;;051
26.05.2019;09663000;Herzogenstr.;;97070;;003
26.05.2019;09663000;Hessenstr.;1-106,108-146 ger.;97078;;062
26.05.2019;09663000;Hessenstr.;107-183 ung.;97078;;063
26.05.2019;09663000;Hexenbruchweg;;97082;;027
26.05.2019;09663000;Hintere Heuchel;2-16 ger.;97084;;136
26.05.2019;09663000;Hintere Heuchel;1-21 ung.,22-57;97084;;137
26.05.2019;09663000;Hintere Kirchgasse;;97078;;151
26.05.2019;09663000;Hinterer Kirchbergweg;;97084;;116
26.05.2019;09663000;Hinterer Kühlenberg;1-7 ung.,29;97078;;152
26.05.2019;09663000;Hinterer Kühlenberg;2-8 ger.,9-26;97078;;154
26.05.2019;09663000;Hinteres Steinbachtal;;97082;;143
26.05.2019;09663000;Hirschberger Str.;1-5Stw. EG ung.;97072;;101
26.05.2019;09663000;Hirschberger Str.;2-8 ger.;97072;;102
26.05.2019;09663000;Hirschleinstr.;;97080;;040
26.05.2019;09663000;Höchberger Str.;1-19 ung.;97082;;017
26.05.2019;09663000;Höchberger Str.;76-134;97082;;027
26.05.2019;09663000;Höchberger Str.;8-36A ger.,37-74;97082;;029
26.05.2019;09663000;Höchberger Str.;2-6 ger.;97082;;030
26.05.2019;09663000;Hoffeldäcker;;97084;;134
26.05.2019;09663000;Hofmannstr.;;97084;;110
26.05.2019;09663000;Hofmeierstr.;;97074;;081
26.05.2019;09663000;Hofstallstr.;;97070;;011
26.05.2019;09663000;Hofstr.;;97070;;002
26.05.2019;09663000;Hohe Steige;;97084;;125
26.05.2019;09663000;Hoher Weg;;97082;;142
26.05.2019;09663000;Holunderweg;;97084;;137
26.05.2019;09663000;Holzbühlweg;5-11 ung.;97074;;074
26.05.2019;09663000;Holzbühlweg;1,3;97074;;076
26.05.2019;09663000;Holzbühlweg;2-14 ger.;97074;;084
26.05.2019;09663000;Holzweg;1A-39C;97084;;118
26.05.2019;09663000;Holzweg;41-65;97084;;119
26.05.2019;09663000;Hopfenberg;2-18 ger.;97080;;037
26.05.2019;09663000;Hopfenberg;1-15 ung.;97080;;038
26.05.2019;09663000;Hörleingasse;;97070;;007
26.05.2019;09663000;Huberstr.;;97084;;136
26.05.2019;09663000;Hubertistr.;;97074;;081
26.05.2019;09663000;Hubertusschlucht;;97082;;142
26.05.2019;09663000;Hubertusweg;;97082;;142
26.05.2019;09663000;Huebergasse;;97070;;011
26.05.2019;09663000;Hunsingerweg;;97084;;114
26.05.2019;09663000;Huttenstr.;1-18B;97072;;096
26.05.2019;09663000;Huttenstr.;19-24Stw. 4 St,29-33 ung.;97072;;097
26.05.2019;09663000;Huttenstr.;26-32 ger.;97072;;098
26.05.2019;09663000;Hüttenweg;;97080;;040
26.05.2019;09663000;Ilse-Totzke-Str.;;97074;;082
26.05.2019;09663000;Im Grund;;97080;;039
26.05.2019;09663000;Im Hirschlein;;97080;;040
26.05.2019;09663000;Im Kreuz;;97076;;169
26.05.2019;09663000;In der Hofleite;;97080;;036
26.05.2019;09663000;Industriestr.;;97076;;164
26.05.2019;09663000;Innerer Graben;12-26 ger.,31-61;97070;;003
26.05.2019;09663000;Innerer Graben;1-11,13-19 ung.;97070;;004
26.05.2019;09663000;Jägerruh;;97076;;165
26.05.2019;09663000;Jägerstr.;3-19 ung.,34;97082;;029
26.05.2019;09663000;Jägerstr.;2-32 ger.;97082;;030
26.05.2019;09663000;Jahnstr.;;97076;;166
26.05.2019;09663000;Jakob-Riedinger-Str.;;97074;;078
26.05.2019;09663000;Johannes-Kepler-Str.;;97074;;082
26.05.2019;09663000;Johann-Herrmann-Str.;;97078;;150
26.05.2019;09663000;Johannisweg;;97082;;141
26.05.2019;09663000;Johanniterplatz;;97070;;005
26.05.2019;09663000;Johanniterweg;;97076;;165
26.05.2019;09663000;Johann-Salomon-Str.;;97080;;041
26.05.2019;09663000;Josef-Martin-Weg;;97074;;085
26.05.2019;09663000;Josefplatz;1-13 ung.;97080;;047
26.05.2019;09663000;Josefplatz;4,6;97080;;048
26.05.2019;09663000;Josef-Schneider-Str.;1-9F ung.;97080;;050
26.05.2019;09663000;Josef-Schneider-Str.;2A-2C;97080;;051
26.05.2019;09663000;Josef-Stangl-Platz;;97070;;007
26.05.2019;09663000;Josefstr.;;97080;;047
26.05.2019;09663000;Joseph-Seitz-Str.;4-62 ger.;97076;;161
26.05.2019;09663000;Joseph-Seitz-Str.;1-67 ung.;97076;;169
26.05.2019;09663000;Judenbühlweg;2-2D;97082;;141
26.05.2019;09663000;Judenbühlweg;1,4-52;97082;;142
26.05.2019;09663000;Judenhof;;97084;;112
26.05.2019;09663000;Judenplan;;97084;;111
26.05.2019;09663000;Julius-Echter-Str.;;97084;;110
26.05.2019;09663000;Juliuspromenade;28-64A;97070;;003
26.05.2019;09663000;Juliuspromenade;2-24 ger.;97070;;004
26.05.2019;09663000;Juliuspromenade;3-19 ung.;97070;;008
26.05.2019;09663000;Kaiserstr.;5-33 ung.;97070;;008
26.05.2019;09663000;Kaiserstr.;2-26 ger.;97070;;009
26.05.2019;09663000;Kantstr.;2;97074;;079
26.05.2019;09663000;Kantstr.;3-48A;97074;;081
26.05.2019;09663000;Kapuzinerstr.;;97070;;011
26.05.2019;09663000;Kardinal-Döpfner-Platz;;97070;;002
26.05.2019;09663000;Kardinal-Faulhaber-Platz;2;97070;;002
26.05.2019;09663000;Kardinal-Faulhaber-Platz;3,4;97070;;003
26.05.2019;09663000;Karl-Straub-Str.;;97084;;117
26.05.2019;09663000;Karmelitenstr.;;97070;;004
26.05.2019;09663000;Kärrnergasse;;97070;;004
26.05.2019;09663000;Kartause;;97070;;010
26.05.2019;09663000;Kastanienstr.;;97084;;135
26.05.2019;09663000;Katharinengasse;;97070;;003
26.05.2019;09663000;Katzengasse;1-17 ung.;97082;;016
26.05.2019;09663000;Katzengasse;4-14 ger.;97082;;017
26.05.2019;09663000;Kaulstr.;6,8;97084;;115
26.05.2019;09663000;Kaulstr.;5-15 ung.;97084;;116
26.05.2019;09663000;Keesburgstr.;1,2A-3A,5-19B ung.;97074;;079
26.05.2019;09663000;Keesburgstr.;21-35 ung.;97074;;080
26.05.2019;09663000;Keesburgstr.;2,4-54 ger.;97074;;081
26.05.2019;09663000;Keesburgstr.;45-53 ung.;97074;;084
26.05.2019;09663000;Keltenstr.;;97076;;160
26.05.2019;09663000;Kettelerstr.;;97074;;083
26.05.2019;09663000;Kettengasse;;97070;;002
26.05.2019;09663000;Kiefernweg;;97084;;136
26.05.2019;09663000;Kieseläckerweg;;97084;;117
26.05.2019;09663000;Kiliansplatz;;97070;;002
26.05.2019;09663000;Kirchbühlstr.;1-22,24-30 ger.;97074;;077
26.05.2019;09663000;Kirchbühlstr.;23,25;97074;;078
26.05.2019;09663000;Kirchgasse;;97084;;112
26.05.2019;09663000;Kirchplatz;;97084;;112
26.05.2019;09663000;Kirschbaumweg;;97084;;137
26.05.2019;09663000;Kittelstr.;;97074;;078
26.05.2019;09663000;Klara-Löwe-Str.;;97082;;144
26.05.2019;09663000;Kleines Flürlein;;97084;;136
26.05.2019;09663000;Kleiststr.;;97072;;091
26.05.2019;09663000;Kleßbergsteige;;97082;;141
26.05.2019;09663000;Kliebertstr.;;97072;;015
26.05.2019;09663000;Klingenstr.;2-43,46-52 ger.;97084;;111
26.05.2019;09663000;Klingenstr.;43A-47 ung.;97084;;112
26.05.2019;09663000;Klingenweg;;97080;;038
26.05.2019;09663000;Klinikstr.;;97070;;008
26.05.2019;09663000;Klopfergasse;;97084;;111
26.05.2019;09663000;Klosterstr.;3-23 ung.;97084;;111
26.05.2019;09663000;Klosterstr.;4-44 ger.;97084;;112
26.05.2019;09663000;Klosterstr.;25-43 ung.;97084;;113
26.05.2019;09663000;Köchleinsweg;;97084;;113
26.05.2019;09663000;Koellikerstr.;;97070;;008
26.05.2019;09663000;Kolonieweg;;97084;;118
26.05.2019;09663000;Kolpingstr.;;97070;;003
26.05.2019;09663000;König-Heinrich-Str.;;97082;;144
26.05.2019;09663000;Königsberger Str.;;97072;;102
26.05.2019;09663000;Konradstr.;13-19;97072;;013
26.05.2019;09663000;Konradstr.;5-11;97072;;014
26.05.2019;09663000;Konradstr.;1,3;97072;;015
26.05.2019;09663000;Kopenhagener Str.;;97084;;126
26.05.2019;09663000;Koppberggraben;;97080;;038
26.05.2019;09663000;Koppbergweg;;97080;;038
26.05.2019;09663000;Korngasse;;97070;;006
26.05.2019;09663000;Kranenkai;;97070;;008
26.05.2019;09663000;Krautäckerstr.;;97080;;040
26.05.2019;09663000;Kreuzbergstr.;1-6A,9-113;97080;;039
26.05.2019;09663000;Kreuzbergstr.;8;97080;;040
26.05.2019;09663000;Kroatengasse;3-7;97070;;009
26.05.2019;09663000;Kroatengasse;9-22;97070;;011
26.05.2019;09663000;Kronbergstr.;;97078;;154
26.05.2019;09663000;Kühlenbergstr.;20,22;97078;;152
26.05.2019;09663000;Kühlenbergstr.;1-19,21-23 ung.,24-68;97078;;154
26.05.2019;09663000;Kürnachtalstr.;;97076;;165
26.05.2019;09663000;Kürschnerhof;;97070;;004
26.05.2019;09663000;Kurze Gasse;;97076;;166
26.05.2019;09663000;Landsteinerstr.;;97074;;085
26.05.2019;09663000;Landwehrstr.;;97070;;006
26.05.2019;09663000;Lange Bögen;1-23 ung.;97074;;079
26.05.2019;09663000;Lange Bögen;2-20 ger.;97074;;080
26.05.2019;09663000;Langes Gräthlein;;97078;;151
26.05.2019;09663000;Langgasse;;97070;;004
26.05.2019;09663000;Lärchenweg;;97084;;134
26.05.2019;09663000;Laufergasse;;97082;;016
26.05.2019;09663000;Laurentiusstr.;;97076;;166
26.05.2019;09663000;Lehmgrubenweg;2,4-26A ger.;97084;;117
26.05.2019;09663000;Lehmgrubenweg;1,2A,3-59A ung.;97084;;118
26.05.2019;09663000;Lehmgrubenweg;28-66 ger.,67-87;97084;;119
26.05.2019;09663000;Lehnleitenweg;2-16 ger.;97074;;070
26.05.2019;09663000;Lehnleitenweg;5;97074;;071
26.05.2019;09663000;Leiblstr.;;97072;;013
26.05.2019;09663000;Leistenstr.;17-39 ung.,40-125;97082;;140
26.05.2019;09663000;Leistenstr.;1-16,18-22 ger.;97082;;141
26.05.2019;09663000;Leitenäckerweg;;97084;;117
26.05.2019;09663000;Leitengraben;;97084;;117
26.05.2019;09663000;Lendnerstr.;;97074;;077
26.05.2019;09663000;Lengfelder Höh;;97076;;168
26.05.2019;09663000;Lengfelder Landwehr;;97076;;051
26.05.2019;09663000;Lengfelder Str.;3-31 ung.,33-35B ung.,36-62 ger.;97078;;153
26.05.2019;09663000;Lengfelder Str.;2-30 ger.,31A,32,34;97078;;154
26.05.2019;09663000;Lengfelder Str.;37-59 ung.,68-84;97078;;155
26.05.2019;09663000;Leo-Weismantel-Str.;;97074;;072
26.05.2019;09663000;Lerchenhain;;97074;;084
26.05.2019;09663000;Lerchenweg;1-5,7-27 ung.;97074;;080
26.05.2019;09663000;Lerchenweg;6-20 ger.;97074;;084
26.05.2019;09663000;Lessingstr.;1;97072;;097
26.05.2019;09663000;Lessingstr.;2-8;97072;;098
26.05.2019;09663000;Leubestr.;;97074;;081
26.05.2019;09663000;Leutfresserweg;2-60 ger.;97082;;140
26.05.2019;09663000;Leutfresserweg;1-31B ung.;97082;;141
26.05.2019;09663000;Liborius-Wagner-Str.;;97076;;168
26.05.2019;09663000;Liebigstr.;;97080;;041
26.05.2019;09663000;Liegnitzer Str.;;97072;;101
26.05.2019;09663000;Lilienweg;4-10 ger.;97084;;135
26.05.2019;09663000;Lilienweg;1-11 ung.,12-13;97084;;137
26.05.2019;09663000;Lindachfeldweg;;97078;;051
26.05.2019;09663000;Lindahlstr.;;97070;;006
26.05.2019;09663000;Lindenstr.;;97084;;137
26.05.2019;09663000;Lindflurer Str.;;97084;;134
26.05.2019;09663000;Lindleinstr.;1-18;97080;;045
26.05.2019;09663000;Lindleinstr.;30-38 ger.;97080;;047
26.05.2019;09663000;Lindleinstr.;46-58 ger.,59-95;97080;;050
26.05.2019;09663000;Lindleinstr.;43-57 ung.;97080;;051
26.05.2019;09663000;Lindleshang;;97078;;051
26.05.2019;09663000;Linsen;;97084;;136
26.05.2019;09663000;Lissabonner Str.;;97084;;125
26.05.2019;09663000;Löffelgasse;;97084;;112
26.05.2019;09663000;Londoner Str.;;97084;;126
26.05.2019;09663000;Lortzingstr.;1-35 ung.,36A,37-45 ung.;97074;;074
26.05.2019;09663000;Lortzingstr.;2-36 ger.,38-44 ger.;97074;;076
26.05.2019;09663000;Lothar-Forster-Str.;;97080;;040
26.05.2019;09663000;Ludwigkai;1;97072;;096
26.05.2019;09663000;Ludwigkai;6-9;97072;;097
26.05.2019;09663000;Ludwigkai;11-29;97072;;098
26.05.2019;09663000;Ludwigkai;30;97072;;101
26.05.2019;09663000;Ludwigstr.;1-11 ung.;97070;;010
26.05.2019;09663000;Ludwigstr.;2-12 ger.,13-33;97070;;011
26.05.2019;09663000;Ludwig-Weis-Str.;;97082;;020
26.05.2019;09663000;Luitpoldquelle;;97080;;040
26.05.2019;09663000;Luitpoldstr.;;97082;;016
26.05.2019;09663000;Luxemburger Str.;;97084;;128
26.05.2019;09663000;Maasweg;;97082;;141
26.05.2019;09663000;Madrider Ring;1-8;97084;;130
26.05.2019;09663000;Madrider Ring;9-84;97084;;132
26.05.2019;09663000;Maidbronner Weg;2-10 ger.;97078;;151
26.05.2019;09663000;Maidbronner Weg;1-11 ung.;97078;;152
26.05.2019;09663000;Maiergasse;;97070;;007
26.05.2019;09663000;Maillingerstr.;12-24 ger.;97082;;021
26.05.2019;09663000;Maillingerstr.;2-11,13;97082;;023
26.05.2019;09663000;Mainaustr.;71-75;97082;;020
26.05.2019;09663000;Mainaustr.;1-42;97082;;021
26.05.2019;09663000;Maingasse;1-7 ung.;97084;;110
26.05.2019;09663000;Maingasse;4-12 ger.;97084;;111
26.05.2019;09663000;Mainkai;;97070;;004
26.05.2019;09663000;Mainleitenweg;;97082;;141
26.05.2019;09663000;Malteserweg;;97076;;165
26.05.2019;09663000;Mandelbaumweg;1-9 ung.;97084;;136
26.05.2019;09663000;Mandelbaumweg;2-14 ger.,15-29;97084;;137
26.05.2019;09663000;Marcusstr.;;97070;;008
26.05.2019;09663000;Margarete-Höppel-Platz;;97080;;045
26.05.2019;09663000;Margeritenweg;;97084;;137
26.05.2019;09663000;Mariannhillstr.;1-5,6B-7,9-29 ung.;97074;;070
26.05.2019;09663000;Mariannhillstr.;6,8-50 ger.;97074;;071
26.05.2019;09663000;Marienberg;;97082;;017
26.05.2019;09663000;Marienplatz;5;97070;;003
26.05.2019;09663000;Marienplatz;1;97070;;004
26.05.2019;09663000;Marienstr.;;97070;;009
26.05.2019;09663000;Marktgasse;;97070;;004
26.05.2019;09663000;Marktplatz;15;97070;;002
26.05.2019;09663000;Marktplatz;11;97070;;003
26.05.2019;09663000;Marktplatz;1-6,12-30 ger.;97070;;004
26.05.2019;09663000;Martin-Luther-Str.;5-13;97072;;013
26.05.2019;09663000;Martin-Luther-Str.;1-3;97072;;014
26.05.2019;09663000;Martinstr.;;97070;;002
26.05.2019;09663000;Matterstockstr.;1-19,21-33 ung.;97080;;046
26.05.2019;09663000;Matterstockstr.;20-36 ger.,37-41;97080;;048
26.05.2019;09663000;Matth.-Ehrenfried-Str.;;97074;;082
26.05.2019;09663000;Matthias-Noell-Weg;;97084;;116
26.05.2019;09663000;Matthias-Thoma-Str.;;97076;;051
26.05.2019;09663000;Maulhardgasse;;97070;;003
26.05.2019;09663000;Maurmeierstr.;;97074;;084
26.05.2019;09663000;Max-Born-Str.;;97080;;036
26.05.2019;09663000;Max-Dauthendey-Str.;;97072;;091
26.05.2019;09663000;Max-Heim-Str.;;97074;;082
26.05.2019;09663000;Maximilian-Kolbe-Str.;;97084;;136
26.05.2019;09663000;Max-Mengeringhausen-Str.;;97084;;136
26.05.2019;09663000;Max-Planck-Str.;;97082;;020
26.05.2019;09663000;Max-Reger-Str.;;97074;;074
26.05.2019;09663000;Max-Schnabel-Str.;;97084;;114
26.05.2019;09663000;Maxstr.;;97070;;002
26.05.2019;09663000;Max-von-Laue-Str.;;97080;;036
26.05.2019;09663000;Meisenweg;;97082;;143
26.05.2019;09663000;Mergentheimer Str;;97084;;110
26.05.2019;09663000;Mergentheimer Str.;1A-16,18-60 ger.;97082;;141
26.05.2019;09663000;Mergentheimer Str.;17B,19,62-76;97082;;142
26.05.2019;09663000;Mergentheimer Str.;78-84;97082;;144
26.05.2019;09663000;Methfesselstr.;;97074;;076
26.05.2019;09663000;Meyer-Olbersleben-Str.;;97074;;074
26.05.2019;09663000;Michael-Brand-Str.;;97078;;152
26.05.2019;09663000;Michelstr.;1,4-10 ger.;97082;;028
26.05.2019;09663000;Michelstr.;5-9 ung.;97082;;029
26.05.2019;09663000;Miletweg;6-10 ger.,11-20;97084;;125
26.05.2019;09663000;Miletweg;1-5,7,9;97084;;133
26.05.2019;09663000;Mittlere Heerbergstr.;;97078;;155
26.05.2019;09663000;Mittlerer Blosenbergweg;;97082;;144
26.05.2019;09663000;Mittlerer Dallenbergweg;;97082;;144
26.05.2019;09663000;Mittlerer Geisbergweg;;97084;;116
26.05.2019;09663000;Mittlerer Katzenbergweg;;97084;;115
26.05.2019;09663000;Mittlerer Neubergweg;;97074;;081
26.05.2019;09663000;Mittlerer Roßbergweg;;97082;;143
26.05.2019;09663000;Mittlerer Steinbachweg;;97082;;142
26.05.2019;09663000;Mittlerer Steinbergweg;;97080;;045
26.05.2019;09663000;Mittlerer Wiesenweg;;97080;;037
26.05.2019;09663000;Mohnstr.;;97080;;041
26.05.2019;09663000;Moltkestr.;;97082;;030
26.05.2019;09663000;Mönchbergstr.;;97074;;070
26.05.2019;09663000;Mönchsgartenweg;;97084;;114
26.05.2019;09663000;Morellistr.;;97080;;050
26.05.2019;09663000;Moritzgasse;;97070;;002
26.05.2019;09663000;Moscheeweg;;97082;;024
26.05.2019;09663000;Moskauer Ring;;97084;;131
26.05.2019;09663000;Mozartstr.;;97074;;076
26.05.2019;09663000;Mühlenstr.;;97084;;111
26.05.2019;09663000;Mühlweg;;97078;;151
26.05.2019;09663000;Münchgasse;;97084;;112
26.05.2019;09663000;Münzstr.;;97070;;007
26.05.2019;09663000;Nachtigallenweg;2,4;97074;;080
26.05.2019;09663000;Nachtigallenweg;1-7 ung.;97074;;084
26.05.2019;09663000;Neidertstr.;;97082;;027
26.05.2019;09663000;Nelkenweg;3,5;97084;;136
26.05.2019;09663000;Nelkenweg;1,2-10 ger.,11A-25;97084;;137
26.05.2019;09663000;Neubaustr.;7;97070;;001
26.05.2019;09663000;Neubaustr.;2-26 ger.;97070;;005
26.05.2019;09663000;Neubaustr.;34-64A;97070;;007
26.05.2019;09663000;Neubergstr.;5-15B ung.,16-23A;97072;;091
26.05.2019;09663000;Neubergstr.;1-3 ung.;97072;;092
26.05.2019;09663000;Neubergstr.;2-10A ger.;97072;;093
26.05.2019;09663000;Neubergstr.;27-68;97072;;095
26.05.2019;09663000;Neuenberg;;97080;;038
26.05.2019;09663000;Neuenbrunnerweg;;97080;;038
26.05.2019;09663000;Neutorstr.;;97070;;009
26.05.2019;09663000;Neydeckgasse;;97082;;017
26.05.2019;09663000;Nigglweg;;97082;;016
26.05.2019;09663000;Nikolaus-Fey-Str.;;97084;;117
26.05.2019;09663000;Nikolausstr.;12A,12B;97082;;140
26.05.2019;09663000;Nikolausstr.;1-12,12C-21;97082;;141
26.05.2019;09663000;Nopitschstr.;;97074;;074
26.05.2019;09663000;Norbert-Glanzberg-Str.;;97074;;085
26.05.2019;09663000;Nördliche Hafenstr.;;97080;;036
26.05.2019;09663000;Nürnberger Str.;18-84;97076;;051
26.05.2019;09663000;Nürnberger Str.;107A-129;97076;;169
26.05.2019;09663000;Nußbaumweg;;97084;;137
26.05.2019;09663000;Oberdürrbacher Str.;100;97080;;045
26.05.2019;09663000;Oberdürrbacher Str.;7-33 ung.;97080;;050
26.05.2019;09663000;Oberdürrbacher Str.;4;97080;;051
26.05.2019;09663000;Obere Heerbergstr.;;97078;;155
26.05.2019;09663000;Obere Hofgasse;;97078;;153
26.05.2019;09663000;Obere Johannitergasse;;97070;;005
26.05.2019;09663000;Obere Wand;;97080;;041
26.05.2019;09663000;Oberer Adelbergweg;2,4;97078;;150
26.05.2019;09663000;Oberer Adelbergweg;1-49 ung.;97078;;151
26.05.2019;09663000;Oberer Blosenbergweg;;97082;;144
26.05.2019;09663000;Oberer Bogenweg;;97074;;084
26.05.2019;09663000;Oberer Burgweg;;97082;;029
26.05.2019;09663000;Oberer Dallenbergweg;;97082;;144
26.05.2019;09663000;Oberer Greinbergweg;;97076;;051
26.05.2019;09663000;Oberer Katzenbergweg;4-8 ger.;97084;;115
26.05.2019;09663000;Oberer Katzenbergweg;1-15 ung.;97084;;116
26.05.2019;09663000;Oberer Kirchplatz;;97084;;135
26.05.2019;09663000;Oberer Kühlenberg;2-100 ger.;97078;;152
26.05.2019;09663000;Oberer Kühlenberg;1-11 ung.;97078;;154
26.05.2019;09663000;Oberer Leitenweg;;97082;;144
26.05.2019;09663000;Oberer Mainkai;;97070;;001
26.05.2019;09663000;Oberer Neubergweg;;97074;;081
26.05.2019;09663000;Oberer Roßbergweg;;97082;;143
26.05.2019;09663000;Oberer Steinbachweg;;97082;;142
26.05.2019;09663000;Oberer Steinbergweg;;97080;;037
26.05.2019;09663000;Oberer Torweinberg;;97084;;135
26.05.2019;09663000;Oberhofstr.;1-20A;97080;;040
26.05.2019;09663000;Oberhofstr.;21-25;97080;;041
26.05.2019;09663000;Oberthürstr.;;97070;;003
26.05.2019;09663000;Odenwaldstr.;1-7 ung.,20;97076;;164
26.05.2019;09663000;Odenwaldstr.;2-18 ger.;97076;;165
26.05.2019;09663000;Oeggstr.;;97070;;011
26.05.2019;09663000;Öhlberg;;97080;;036
26.05.2019;09663000;Ohmstr.;;97076;;051
26.05.2019;09663000;Oskar-Neisinger-Weg;;97082;;144
26.05.2019;09663000;Osloer Str.;;97084;;126
26.05.2019;09663000;Ossietzkystr.;;97084;;136
26.05.2019;09663000;Ostpreußenstr.;;97078;;062
26.05.2019;09663000;Otsustr.;;97084;;132
26.05.2019;09663000;Otto-Fritz-Str.;;97084;;116
26.05.2019;09663000;Otto-Nagler-Str.;;97074;;081
26.05.2019;09663000;Otto-Richter-Str.;;97074;;079
26.05.2019;09663000;Otto-Roth-Str.;2-52;97076;;164
26.05.2019;09663000;Otto-Roth-Str.;60-98;97076;;165
26.05.2019;09663000;Otto-Stein-Str.;;97076;;169
26.05.2019;09663000;Ottostr.;;97070;;007
26.05.2019;09663000;Otto-Wels-Str.;;97070;;002
26.05.2019;09663000;Pacotistr.;;97076;;168
26.05.2019;09663000;Paradeplatz;;97070;;002
26.05.2019;09663000;Pariser Str.;7-11 ung.,12-26;97084;;127
26.05.2019;09663000;Pariser Str.;1-6,8-10Stw. I ger.;97084;;128
26.05.2019;09663000;Parsevalstr.;;97074;;077
26.05.2019;09663000;Pergamonweg;;97084;;125
26.05.2019;09663000;Pestalozzistr.;1-9 ung.;97080;;049
26.05.2019;09663000;Pestalozzistr.;4A,6;97080;;050
26.05.2019;09663000;Peter-Haupt-Str.;;97080;;041
26.05.2019;09663000;Peterpfarrgasse;;97070;;007
26.05.2019;09663000;Peterplatz;;97070;;007
26.05.2019;09663000;Peter-Schneider-Str.;;97074;;083
26.05.2019;09663000;Peterstr.;2-14 ger.;97070;;005
26.05.2019;09663000;Peterstr.;1-9 ung.;97070;;007
26.05.2019;09663000;Peter-Wagner-Str.;;97080;;038
26.05.2019;09663000;Petrinistr.;1-18A;97080;;048
26.05.2019;09663000;Petrinistr.;19-29,31-33 ung.;97080;;049
26.05.2019;09663000;Petrinistr.;30-34 ger.,35-49;97080;;050
26.05.2019;09663000;Pfaffenbergstr.;;97080;;036
26.05.2019;09663000;Pfalzstr.;;97078;;062
26.05.2019;09663000;Pfarrer-Paul-Nützel-Str.;;97082;;020
26.05.2019;09663000;Pfauengasse;;97070;;002
26.05.2019;09663000;Philipp-Fasel-Str.;;97076;;167
26.05.2019;09663000;Pickelstr.;;97080;;012
26.05.2019;09663000;Pilziggrundstr.;1-28,30-34A ger.;97076;;161
26.05.2019;09663000;Pilziggrundstr.;29-35 ung.,36-119;97076;;169
26.05.2019;09663000;Place de Caen;;97084;;127
26.05.2019;09663000;Platenstr.;;97072;;099
26.05.2019;09663000;Plattnerstr.;2-14 ger.;97070;;001
26.05.2019;09663000;Plattnerstr.;3-9Stw. 2 ung.;97070;;002
26.05.2019;09663000;Pleichachgrund;;97078;;151
26.05.2019;09663000;Pleicherkirchgasse;;97070;;008
26.05.2019;09663000;Pleicherkirchplatz;;97070;;008
26.05.2019;09663000;Pleicherpfarrgasse;;97070;;008
26.05.2019;09663000;Pleicherschulgasse;;97070;;008
26.05.2019;09663000;Pleichertorstr.;;97070;;008
26.05.2019;09663000;Pleicherwall;;97070;;008
26.05.2019;09663000;Pommergasse;;97070;;004
26.05.2019;09663000;Prager Ring;;97084;;133
26.05.2019;09663000;Prymstr.;;97070;;009
26.05.2019;09663000;Rabanus-Maurus-Str.;;97076;;162
26.05.2019;09663000;Radulfsteige;;97082;;027
26.05.2019;09663000;Randersackerer Str;81,87;97074;;081
26.05.2019;09663000;Randersackerer Str;125-125B;97074;;082
26.05.2019;09663000;Randersackerer Str;72;97074;;102
26.05.2019;09663000;Randersackerer Str.;19-23 ung.,25-45A ung.;97072;;095
26.05.2019;09663000;Randersackerer Str.;2-17;97072;;099
26.05.2019;09663000;Randersackerer Str.;18-22A ger.,23A,24-38 ger.;97072;;100
26.05.2019;09663000;Randersackerer Str.;42-44A ger.;97072;;101
26.05.2019;09663000;Randersackerer Str.;62-68;97072;;102
26.05.2019;09663000;Rathausplatz;;97084;;111
26.05.2019;09663000;Rebenstr.;10A-44 ger.;97084;;135
26.05.2019;09663000;Rebenstr.;1-9,11-35 ung.;97084;;137
26.05.2019;09663000;Reibeltgasse;;97070;;005
26.05.2019;09663000;Reichenberger Str.;;97084;;125
26.05.2019;09663000;Reiserhartpfad;;97084;;125
26.05.2019;09663000;Reiserstr.;;97080;;050
26.05.2019;09663000;Reisgrubengasse;1-17 ung.;97070;;009
26.05.2019;09663000;Reisgrubengasse;2-10 ger.;97070;;010
26.05.2019;09663000;Rembrandtstr.;4-55;97076;;160
26.05.2019;09663000;Rembrandtstr.;1A-2D;97076;;162
26.05.2019;09663000;Rennweger Ring;;97070;;011
26.05.2019;09663000;Resenstr.;;97084;;118
26.05.2019;09663000;Resenweg;;97084;;117
26.05.2019;09663000;Residenzplatz;;97070;;002
26.05.2019;09663000;Reuerergasse;;97070;;006
26.05.2019;09663000;Reußenweg;;97080;;037
26.05.2019;09663000;Reuterstr.;;97084;;110
26.05.2019;09663000;Rhönstr.;2-22 ger.;97080;;050
26.05.2019;09663000;Rhönstr.;1-11 ung.;97080;;051
26.05.2019;09663000;Richard-Strauss-Str.;1-10,12-16;97074;;071
26.05.2019;09663000;Richard-Strauss-Str.;11,22,24;97074;;072
26.05.2019;09663000;Richard-Wagner-Str.;1-5 ung.;97074;;070
26.05.2019;09663000;Richard-Wagner-Str.;2-74 ger.;97074;;071
26.05.2019;09663000;Riedelspfad;;97080;;036
26.05.2019;09663000;Riedstr.;;97076;;166
26.05.2019;09663000;Riemenschneiderstr.;1-9 ung.;97072;;015
26.05.2019;09663000;Riemenschneiderstr.;6-12 ger.;97072;;090
26.05.2019;09663000;Rimparer Steig;;97080;;045
26.05.2019;09663000;Rimparer Str.;10-14;97080;;045
26.05.2019;09663000;Rimparer Str.;2A-8;97080;;046
26.05.2019;09663000;Ringstr.;1-19 ung.;97080;;040
26.05.2019;09663000;Ringstr.;2-26 ger.,27-38;97080;;041
26.05.2019;09663000;Rittergasse;;97070;;001
26.05.2019;09663000;Ritterstiftstr.;;97076;;166
26.05.2019;09663000;Robert-Kirchhoff-Str.;;97076;;161
26.05.2019;09663000;Robert-Koch-Str.;1-16,18;97080;;049
26.05.2019;09663000;Robert-Koch-Str.;17,20-34;97080;;050
26.05.2019;09663000;Rochesterstr.;;97084;;132
26.05.2019;09663000;Rochusgasse;;97080;;037
26.05.2019;09663000;Roland-Frank-Str.;;97076;;167
26.05.2019;09663000;Römer Str.;;97084;;127
26.05.2019;09663000;Römische Klinge;1-9A ung.,13-27;97078;;154
26.05.2019;09663000;Römische Klinge;2,10,11,29;97078;;155
26.05.2019;09663000;Röntgenring;;97070;;008
26.05.2019;09663000;Rosa-Hahn-Str.;;97078;;154
26.05.2019;09663000;Rosengasse;1-23 ung.;97070;;005
26.05.2019;09663000;Rosengasse;2-12 ger.;97070;;006
26.05.2019;09663000;Rosenmühlweg;;97076;;051
26.05.2019;09663000;Rotenburstr.;;97084;;135
26.05.2019;09663000;Rotenhanstr.;2,4-20;97082;;021
26.05.2019;09663000;Rotenhanstr.;1,3;97082;;023
26.05.2019;09663000;Rothäckerweg;;97082;;143
26.05.2019;09663000;Röthenweg;8-18A ger.;97084;;113
26.05.2019;09663000;Röthenweg;1A-21 ung.;97084;;116
26.05.2019;09663000;Rothweg;;97082;;143
26.05.2019;09663000;Rotkäppchenweg;7,9;97084;;118
26.05.2019;09663000;Rotkäppchenweg;2-10 ger.,11-37;97084;;119
26.05.2019;09663000;Rotkreuzsteige;;97080;;045
26.05.2019;09663000;Rotkreuzstr.;;97080;;012
26.05.2019;09663000;Rotlöwengasse;;97070;;007
26.05.2019;09663000;Rotscheibengasse;;97070;;002
26.05.2019;09663000;Rottenbauerer Grund;;97084;;125
26.05.2019;09663000;Rottendorfer Str;17-33 ung.,35-41 ung.;97074;;070
26.05.2019;09663000;Rottendorfer Str;45-57B ung.;97074;;072
26.05.2019;09663000;Rottendorfer Str;18-26 ger.;97074;;073
26.05.2019;09663000;Rottendorfer Str;28-32A ger.,33A-34A,36-70 ger.;97074;;074
26.05.2019;09663000;Rottendorfer Str;61,65,76-96;97074;;085
26.05.2019;09663000;Rottendorfer Str.;;97072;;014
26.05.2019;09663000;Rübezahlweg;28-63;97084;;118
26.05.2019;09663000;Rübezahlweg;65-87;97084;;119
26.05.2019;09663000;Rückermainstr.;;97070;;004
26.05.2019;09663000;Rückertstr.;1-6,8-16 ger.;97072;;098
26.05.2019;09663000;Rückertstr.;7-17 ung.,18;97072;;099
26.05.2019;09663000;Rüdigerstr.;;97070;;011
26.05.2019;09663000;Rudolf-Clausius-Str.;;97080;;036
26.05.2019;09663000;Ruppertsgasse;;97084;;112
26.05.2019;09663000;Saalgasse;;97082;;017
26.05.2019;09663000;Salamancastr.;;97084;;132
26.05.2019;09663000;Salvatorstr.;;97074;;070
26.05.2019;09663000;Sandäcker;;97076;;169
26.05.2019;09663000;Sandbergerstr.;;97074;;075
26.05.2019;09663000;Sanderglacisstr.;;97072;;096
26.05.2019;09663000;Sanderring;12-23;97070;;006
26.05.2019;09663000;Sanderring;3-8;97070;;007
26.05.2019;09663000;Sanderrothstr.;2,4;97074;;081
26.05.2019;09663000;Sanderrothstr.;3,5-54A;97074;;083
26.05.2019;09663000;Sanderstr.;1-7,9,11;97070;;005
26.05.2019;09663000;Sanderstr.;8-18 ger.;97070;;006
26.05.2019;09663000;Sanderstr.;13-39 ung.;97070;;007
26.05.2019;09663000;Sandgrubenweg;;97084;;114
26.05.2019;09663000;Sandweg;;97078;;051
26.05.2019;09663000;Sartoriusstr.;1-7 ung.,14-18;97072;;013
26.05.2019;09663000;Sartoriusstr.;2-12 ger.;97072;;014
26.05.2019;09663000;Scanzonistr.;;97080;;012
26.05.2019;09663000;Schadewitzstr.;1-29 ung.;97074;;076
26.05.2019;09663000;Schadewitzstr.;2-30 ger.;97074;;084
26.05.2019;09663000;Schafhofstr.;33,35-44;97080;;039
26.05.2019;09663000;Schafhofstr.;2-32,34;97080;;040
26.05.2019;09663000;Schalksbergweg;;97080;;045
26.05.2019;09663000;Schanzstr.;;97074;;083
26.05.2019;09663000;Scharnhorststr.;1-5 ung.,6-10;97082;;021
26.05.2019;09663000;Scharnhorststr.;2,4;97082;;023
26.05.2019;09663000;Scharoldstr.;1-27 ung.;97080;;047
26.05.2019;09663000;Scharoldstr.;2-12 ger.;97080;;049
26.05.2019;09663000;Scharoldstr.;14-22 ger.;97080;;050
26.05.2019;09663000;Scharoldstr.;24,26,31-59;97080;;051
26.05.2019;09663000;Schattbergweg;5-25;97084;;114
26.05.2019;09663000;Schattbergweg;35-47;97084;;125
26.05.2019;09663000;Scheffelstr.;1-13 ung.,14-26;97072;;095
26.05.2019;09663000;Scheffelstr.;2-12 ger.;97072;;099
26.05.2019;09663000;Schellingstr.;3-24;97074;;080
26.05.2019;09663000;Schellingstr.;26-45;97074;;081
26.05.2019;09663000;Schenkhof;;97070;;004
26.05.2019;09663000;Scherenbergstr.;1-8,10;97082;;028
26.05.2019;09663000;Scherenbergstr.;9,11-18;97082;;029
26.05.2019;09663000;Schießhausstr.;;97072;;096
26.05.2019;09663000;Schiestlstr.;1-20;97080;;045
26.05.2019;09663000;Schiestlstr.;22-54;97080;;047
26.05.2019;09663000;Schildhof;;97070;;007
26.05.2019;09663000;Schildweg;;97084;;115
26.05.2019;09663000;Schillerstr.;3-15 ung.;97072;;090
26.05.2019;09663000;Schillerstr.;2-12 ger.;97072;;092
26.05.2019;09663000;Schlehenweg;;97076;;168
26.05.2019;09663000;Schleifweg;1;97084;;134
26.05.2019;09663000;Schleifweg;2-6;97084;;137
26.05.2019;09663000;Schlesierstr.;;97078;;063
26.05.2019;09663000;Schlörstr.;2;97074;;075
26.05.2019;09663000;Schlörstr.;1-5 ung.;97074;;078
26.05.2019;09663000;Schloßgasse;;97082;;017
26.05.2019;09663000;Schloßhecke;;97084;;134
26.05.2019;09663000;Schmalzmarkt;;97070;;004
26.05.2019;09663000;Schneewittchenweg;;97084;;117
26.05.2019;09663000;Schollergasse;;97084;;111
26.05.2019;09663000;Schönbornstr.;;97070;;003
26.05.2019;09663000;Schönleinstr.;;97080;;012
26.05.2019;09663000;Schöpf;;97076;;165
26.05.2019;09663000;Schorkstr.;;97082;;028
26.05.2019;09663000;Schottenanger;;97082;;016
26.05.2019;09663000;Schulstr.;;97084;;134
26.05.2019;09663000;Schulzenstr.;;97084;;135
26.05.2019;09663000;Schustergasse;;97070;;004
26.05.2019;09663000;Schützensteige;;97076;;167
26.05.2019;09663000;Schwabenstr.;11-15 ung.,16-21;97078;;062
26.05.2019;09663000;Schwabenstr.;1-9,12;97078;;063
26.05.2019;09663000;Schwanenhof;;97070;;001
26.05.2019;09663000;Schweinfurter Str;;97076;;051
26.05.2019;09663000;Schweinfurter Str.;;97080;;009
26.05.2019;09663000;Sebastianisteig;2-10;97082;;141
26.05.2019;09663000;Sebastianisteig;1;97082;;142
26.05.2019;09663000;Sebastian-Merkle-Str.;;97074;;082
26.05.2019;09663000;Sedanstr.;11-21A ung.,38-52;97082;;021
26.05.2019;09663000;Sedanstr.;5-9B ung.;97082;;024
26.05.2019;09663000;Sedanstr.;1-4,6-24 ger.;97082;;026
26.05.2019;09663000;Seegartenweg;;97084;;111
26.05.2019;09663000;Seelbergstr.;;97072;;014
26.05.2019;09663000;Seepfad;;97076;;166
26.05.2019;09663000;Seilerstr.;3,4,9;97084;;110
26.05.2019;09663000;Seilerstr.;8-20 ger.,21-32;97084;;111
26.05.2019;09663000;Seilerstr.;36-70;97084;;113
26.05.2019;09663000;Seinsheimstr.;1-13 ung.;97074;;073
26.05.2019;09663000;Seinsheimstr.;4-22 ger.;97074;;075
26.05.2019;09663000;Semmelstr.;;97070;;010
26.05.2019;09663000;Senefelderstr.;1-5B ung.;97080;;049
26.05.2019;09663000;Senefelderstr.;4-12 ger.;97080;;050
26.05.2019;09663000;Seuffertstr.;4-8 ger.,9-16;97074;;077
26.05.2019;09663000;Seuffertstr.;1-7 ung.;97074;;078
26.05.2019;09663000;Siebenbürgenstr.;;97078;;155
26.05.2019;09663000;Sieboldstr.;;97072;;090
26.05.2019;09663000;Siedlungsstr.;1-11 ung.;97080;;040
26.05.2019;09663000;Siedlungsstr.;2-14 ger.;97080;;041
26.05.2019;09663000;Silcherstr.;;97074;;080
26.05.2019;09663000;Siligmüllerstr.;;97072;;013
26.05.2019;09663000;Simon-Blenk-Weg;17;97076;;161
26.05.2019;09663000;Simon-Blenk-Weg;1-15;97076;;169
26.05.2019;09663000;Simon-Breu-Str.;;97074;;074
26.05.2019;09663000;Sodenstr.;;97074;;078
26.05.2019;09663000;Sonnenhang;;97076;;160
26.05.2019;09663000;Sonnenstr.;2-8Stw. II ger.;97072;;097
26.05.2019;09663000;Sonnenstr.;10-18 ger.,19-27;97072;;098
26.05.2019;09663000;Sonnenstr.;1-17 ung.;97072;;099
26.05.2019;09663000;Sonnenweg;;97080;;040
26.05.2019;09663000;Sonnleite;2-44 ger.;97076;;164
26.05.2019;09663000;Sonnleite;1-33Stw. 2 ung.;97076;;165
26.05.2019;09663000;Sophienstr.;21-25 ung.;97072;;090
26.05.2019;09663000;Sophienstr.;20-22 ger.;97072;;091
26.05.2019;09663000;Sophienstr.;4-19;97072;;092
26.05.2019;09663000;Spartaweg;;97084;;133
26.05.2019;09663000;Spessartstr.;26,29-71;97082;;027
26.05.2019;09663000;Spessartstr.;1-25,27,27A;97082;;029
26.05.2019;09663000;Spiegelstr.;2-8 ger.;97070;;002
26.05.2019;09663000;Spiegelstr.;1-23 ung.;97070;;003
26.05.2019;09663000;Spitalgasse;;97082;;017
26.05.2019;09663000;Spitalweg;;97082;;142
26.05.2019;09663000;Spittelbergweg;;97082;;141
26.05.2019;09663000;Spitztannenweg;;97084;;125
26.05.2019;09663000;St.-Benedikt-Str.;9-15 ung.;97072;;014
26.05.2019;09663000;St.-Benedikt-Str.;1-8A,10-20 ger.;97072;;015
26.05.2019;09663000;St.-Jakobus-Str.;;97078;;150
26.05.2019;09663000;St.-Josef-Str.;;97080;;040
26.05.2019;09663000;St.-Lioba-Str.;;97076;;161
26.05.2019;09663000;St.-Rochus-Str.;2-37,41-49 ung.;97078;;153
26.05.2019;09663000;St.-Rochus-Str.;38-56 ger.,57-97;97078;;155
26.05.2019;09663000;St.-Stephan-Str.;;97080;;039
26.05.2019;09663000;Ständerbühlstr.;;97080;;045
26.05.2019;09663000;Stauferstr.;67-69 ung.,80;97076;;167
26.05.2019;09663000;Stauferstr.;4-66,68-72 ger.;97076;;168
26.05.2019;09663000;Stegenturmgasse;;97084;;111
26.05.2019;09663000;Stegerwaldstr.;;97074;;082
26.05.2019;09663000;Steidlestr.;;97074;;076
26.05.2019;09663000;Steigerfurtweg;;97084;;114
26.05.2019;09663000;Steigerwaldstr.;;97076;;165
26.05.2019;09663000;Steigstr.;50;97078;;151
26.05.2019;09663000;Steigstr.;23-43 ung.;97078;;152
26.05.2019;09663000;Steigstr.;1-22,24-48 ger.;97078;;153
26.05.2019;09663000;Steigwaldweg;;97084;;125
26.05.2019;09663000;Steinachstr.;1-13 ung.;97082;;021
26.05.2019;09663000;Steinachstr.;2-12C ger.;97082;;023
26.05.2019;09663000;Steinbachtal;2A-64B;97082;;142
26.05.2019;09663000;Steinbachtal;66-98;97082;;143
26.05.2019;09663000;Steinbruchweg;3;97076;;161
26.05.2019;09663000;Steinbruchweg;29-33 ung.;97076;;162
26.05.2019;09663000;Steinbruchweg;2-32 ger.;97076;;168
26.05.2019;09663000;Steinburgstr.;3-17 ung.,24-111;97080;;037
26.05.2019;09663000;Steinburgstr.;2-14 ger.;97080;;038
26.05.2019;09663000;Steinhäuserstr.;;97084;;117
26.05.2019;09663000;Steinheilstr.;1-25 ung.;97080;;045
26.05.2019;09663000;Steinheilstr.;2-26A ger.;97080;;046
26.05.2019;09663000;Steinheilstr.;27-56;97080;;047
26.05.2019;09663000;Steinlein;;97078;;150
26.05.2019;09663000;Steinstr.;;97080;;012
26.05.2019;09663000;Stengerstr.;;97084;;112
26.05.2019;09663000;Stephanstr.;;97070;;007
26.05.2019;09663000;Sterenstr.;;97074;;073
26.05.2019;09663000;Sterngasse;;97070;;001
26.05.2019;09663000;Sterntalerweg;2;97084;;118
26.05.2019;09663000;Sterntalerweg;1,4-177;97084;;119
26.05.2019;09663000;Stettiner Str.;;97072;;102
26.05.2019;09663000;Steubenstr.;;97074;;080
26.05.2019;09663000;Stockholmer Str.;;97084;;130
26.05.2019;09663000;Stöhrstr.;;97074;;072
26.05.2019;09663000;Straßburger Ring;1-123 ung.;97084;;126
26.05.2019;09663000;Straßburger Ring;4,6,100,102;97084;;127
26.05.2019;09663000;Straßburger Ring;8-34 ger.;97084;;128
26.05.2019;09663000;Straubmühlweg;;97078;;051
26.05.2019;09663000;Stürzpfad;;97084;;117
26.05.2019;09663000;Stuttgarter Str.;;97084;;114
26.05.2019;09663000;Sudetenstr.;;97078;;063
26.05.2019;09663000;Südliche Hafenstr.;;97080;;036
26.05.2019;09663000;Talweg;;97076;;161
26.05.2019;09663000;Tannenweg;;97084;;136
26.05.2019;09663000;Taschenäckerweg;;97084;;113
26.05.2019;09663000;Taschenpfad;;97076;;162
26.05.2019;09663000;Tellsteige;;97082;;017
26.05.2019;09663000;Textorstr.;;97070;;010
26.05.2019;09663000;Theaterstr.;22,24;97070;;002
26.05.2019;09663000;Theaterstr.;2-20 ger.;97070;;003
26.05.2019;09663000;Theaterstr.;1-17 ung.;97070;;010
26.05.2019;09663000;Theaterstr.;23;97070;;011
26.05.2019;09663000;Thebenweg;;97084;;133
26.05.2019;09663000;Theodor-Boveri-Weg;;97074;;085
26.05.2019;09663000;Theodor-Körner-Str.;;97072;;097
26.05.2019;09663000;Theresienstr.;9-15 ung.;97070;;009
26.05.2019;09663000;Theresienstr.;2-10 ger.;97070;;011
26.05.2019;09663000;Thüringerstr.;;97078;;063
26.05.2019;09663000;Tiefe Gasse;;97084;;117
26.05.2019;09663000;Tiepolostr.;;97070;;006
26.05.2019;09663000;Tilsiter Str.;;97072;;100
26.05.2019;09663000;Tokiostr.;;97084;;132
26.05.2019;09663000;Toräckerweg;;97084;;113
26.05.2019;09663000;Traubengasse;;97072;;092
26.05.2019;09663000;Trautenauer Str.;1-6;97074;;076
26.05.2019;09663000;Trautenauer Str.;8-107;97074;;084
26.05.2019;09663000;Trojaweg;1-9 ung.,10-19;97084;;125
26.05.2019;09663000;Trojaweg;2-8 ger.;97084;;133
26.05.2019;09663000;Tröltschstr.;;97072;;015
26.05.2019;09663000;Tulpenstr.;;97084;;137
26.05.2019;09663000;Turmgasse;;97070;;008
26.05.2019;09663000;Uhlandstr.;14-20A ger.;97072;;098
26.05.2019;09663000;Uhlandstr.;2-13,15-19 ung.;97072;;099
26.05.2019;09663000;Ulmenstr.;;97084;;135
26.05.2019;09663000;Ulmer Hof;;97070;;003
26.05.2019;09663000;Ulrichstr.;;97074;;075
26.05.2019;09663000;Unterdürrbacher Str;5-117;97080;;036
26.05.2019;09663000;Unterdürrbacher Str;118-369;97080;;037
26.05.2019;09663000;Unterdürrbacher Str;375-379;97080;;038
26.05.2019;09663000;Untere Bockgasse;;97070;;001
26.05.2019;09663000;Untere Goldbergstr.;;97078;;152
26.05.2019;09663000;Untere Heerbergstr.;4-18 ger.;97078;;153
26.05.2019;09663000;Untere Heerbergstr.;1-49 ung.;97078;;155
26.05.2019;09663000;Untere Hofgasse;;97078;;153
26.05.2019;09663000;Untere Johannitergasse;;97070;;005
26.05.2019;09663000;Unterer Adelbergweg;;97078;;151
26.05.2019;09663000;Unterer Blosenbergweg;;97082;;144
26.05.2019;09663000;Unterer Dallenbergweg;;97082;;144
26.05.2019;09663000;Unterer Geisbergweg;;97084;;116
26.05.2019;09663000;Unterer Katzenbergweg;16-38 ger.,41-58;97084;;114
26.05.2019;09663000;Unterer Katzenbergweg;1-15A,17-39 ung.;97084;;115
26.05.2019;09663000;Unterer Kirchbergweg;;97084;;116
26.05.2019;09663000;Unterer Kirchplatz;1-2C;97084;;134
26.05.2019;09663000;Unterer Kirchplatz;4-7;97084;;135
26.05.2019;09663000;Unterer Kühlenberg;;97078;;154
26.05.2019;09663000;Unterer Neubergweg;;97074;;081
26.05.2019;09663000;Unterer Roßbergweg;;97082;;143
26.05.2019;09663000;Unterer Steinbergweg;;97080;;045
26.05.2019;09663000;Unterer Torweinberg;;97084;;135
26.05.2019;09663000;Unterer Wandweg;;97080;;040
26.05.2019;09663000;Unterer Weg;;97084;;113
26.05.2019;09663000;Urlaubstr.;;97076;;051
26.05.2019;09663000;Ursulinergasse;;97070;;001
26.05.2019;09663000;Valentin-Becker-Str.;;97072;;015
26.05.2019;09663000;Veitshöchheimer Str;1C-6,16,18;97080;;012
26.05.2019;09663000;Veitshöchheimer Str;7-103 ung.,134-156;97080;;036
26.05.2019;09663000;Versbacher Röthe;;97078;;150
26.05.2019;09663000;Versbacher Str.;9-33Stw. 3 ung.;97078;;051
26.05.2019;09663000;Versbacher Str.;20-58 ger.;97078;;064
26.05.2019;09663000;Versbacher Str.;103-215 ung.;97078;;150
26.05.2019;09663000;Versbacher Str.;184-220 ger.,221-283;97078;;151
26.05.2019;09663000;Versbacher Str.;108-180 ger.;97078;;153
26.05.2019;09663000;Versbacher Str.;102,102Stw. 5;97078;;155
26.05.2019;09663000;Vierter Siedlungsweg;;97082;;020
26.05.2019;09663000;Virchowstr.;1A-7 ung.,8-17;97072;;093
26.05.2019;09663000;Virchowstr.;2,6;97072;;096
26.05.2019;09663000;Virchowstr.;18-28Stw. 1;97072;;097
26.05.2019;09663000;Vogelsangweg;;97076;;165
26.05.2019;09663000;Voglerstr.;;97074;;076
26.05.2019;09663000;Von-Luxburg-Str.;;97074;;076
26.05.2019;09663000;Von-Mieg-Str.;;97082;;027
26.05.2019;09663000;Wacholderweg;;97084;;137
26.05.2019;09663000;Wagnerplatz;;97080;;048
26.05.2019;09663000;Wagnerstr.;13,15;97080;;045
26.05.2019;09663000;Wagnerstr.;5A-11 ung.;97080;;046
26.05.2019;09663000;Wagnerstr.;16-26;97080;;047
26.05.2019;09663000;Wagnerstr.;1-5,6-14 ger.;97080;;048
26.05.2019;09663000;Waidmannsau;;97084;;134
26.05.2019;09663000;Waidmannsteige;;97076;;165
26.05.2019;09663000;Waldkugelweg;19,21,33,55;97082;;143
26.05.2019;09663000;Waldkugelweg;5-18,22-30;97082;;144
26.05.2019;09663000;Wallgasse;;97070;;009
26.05.2019;09663000;Walter-Stier-Str.;;97078;;151
26.05.2019;09663000;Walth.-v-d-Vogelweide-Str;4-20 ger.,21-65;97074;;080
26.05.2019;09663000;Walth.-v-d-Vogelweide-Str;1-19 ung.;97074;;084
26.05.2019;09663000;Walther-Nernst-Str.;;97080;;036
26.05.2019;09663000;Waltherstr.;;97074;;070
26.05.2019;09663000;Wandweg;;97080;;038
26.05.2019;09663000;Warschauer Str.;;97084;;133
26.05.2019;09663000;Weg zum Sportplatz;;97076;;165
26.05.2019;09663000;Weg zur Neuen Welt;;97082;;140
26.05.2019;09663000;Weg zur Zeller Waldspitze;;97082;;027
26.05.2019;09663000;Weidenstr.;;97084;;135
26.05.2019;09663000;Weinbergweg;;97080;;041
26.05.2019;09663000;Weingartenstr.;1-21 ung.;97072;;092
26.05.2019;09663000;Weingartenstr.;4-26 ger.,27-43;97072;;093
26.05.2019;09663000;Weißbrückengraben;;97084;;116
26.05.2019;09663000;Weißdornweg;;97084;;137
26.05.2019;09663000;Weißenburgstr.;61;97082;;020
26.05.2019;09663000;Weißenburgstr.;24-36 ger.,60;97082;;021
26.05.2019;09663000;Weißenburgstr.;1-22;97082;;023
26.05.2019;09663000;Weißenburgstr.;27-35A ung.,36A-59;97082;;024
26.05.2019;09663000;Wellhöferweg;2-16 ger.;97084;;114
26.05.2019;09663000;Wellhöferweg;1-13 ung.;97084;;115
26.05.2019;09663000;Welzstr.;;97080;;012
26.05.2019;09663000;Wendelweg;;97084;;110
26.05.2019;09663000;Wenzelstr.;13-19 ung.,38,42;97084;;110
26.05.2019;09663000;Wenzelstr.;1-12,14-28 ger.;97084;;111
26.05.2019;09663000;Werkingstr.;;97084;;113
26.05.2019;09663000;Werner-von-Siemens-Str.;4,6,26;97076;;051
26.05.2019;09663000;Werner-von-Siemens-Str.;28-54 ger.;97076;;161
26.05.2019;09663000;Werner-von-Siemens-Str.;51-55 ung.;97076;;162
26.05.2019;09663000;Werner-von-Siemens-Str.;57-83 ung.,84-116;97076;;165
26.05.2019;09663000;Werner-von-Siemens-Str.;66-82 ger.;97076;;166
26.05.2019;09663000;Werner-von-Siemens-Str.;16;97076;;169
26.05.2019;09663000;Wiener Ring;;97084;;130
26.05.2019;09663000;Wiesenweg;;97084;;110
26.05.2019;09663000;Wilhelm-Dahl-Str.;;97082;;026
26.05.2019;09663000;Wilhelm-Schwinn-Platz;;97070;;007
26.05.2019;09663000;Wilhelmstr.;;97070;;003
26.05.2019;09663000;Wilhelm-Wien-Str.;;97080;;036
26.05.2019;09663000;Winterhäuser Str.;1-67,73-79A ung.;97084;;113
26.05.2019;09663000;Winterhäuser Str.;72-94 ger.,95C-160;97084;;116
26.05.2019;09663000;Winterleitenweg;;97082;;140
26.05.2019;09663000;Wirsbergstr.;;97070;;005
26.05.2019;09663000;Wittelsbacherplatz;4-6;97074;;073
26.05.2019;09663000;Wittelsbacherplatz;2,3;97074;;075
26.05.2019;09663000;Wittelsbacherplatz;1;97074;;076
26.05.2019;09663000;Wittelsbacherstr.;9-25 ung.;97074;;073
26.05.2019;09663000;Wittelsbacherstr.;32-40;97074;;074
26.05.2019;09663000;Wittelsbacherstr.;5,7;97074;;075
26.05.2019;09663000;Wittelsbacherstr.;2-30 ger.;97074;;076
26.05.2019;09663000;Wittelsbacherstr.;3;97074;;078
26.05.2019;09663000;Wölffelstr.;1-5 ung.;97072;;093
26.05.2019;09663000;Wölffelstr.;2-10 ger.;97072;;096
26.05.2019;09663000;Wölffelstr.;7-11 ung.,12-14;97072;;097
26.05.2019;09663000;Wolfgang-Lenz-Weg;;97082;;140
26.05.2019;09663000;Wolfhartsgasse;;97070;;001
26.05.2019;09663000;Wolframstr.;;97070;;011
26.05.2019;09663000;Wolfskeelstr.;2-34 ger.;97084;;134
26.05.2019;09663000;Wolfskeelstr.;1-43 ung.;97084;;135
26.05.2019;09663000;Wöllergasse;;97070;;003
26.05.2019;09663000;Wörthstr.;9-11A ung.;97082;;026
26.05.2019;09663000;Wörthstr.;1,8;97082;;029
26.05.2019;09663000;Wörthstr.;3-7 ung.,10,14;97082;;030
26.05.2019;09663000;Wredestr.;9-15 ung.,16D-20;97082;;024
26.05.2019;09663000;Wredestr.;2-12 ger.;97082;;026
26.05.2019;09663000;Wredestr.;1-7 ung.;97082;;030
26.05.2019;09663000;Würzburger Höhe;;97084;;136
26.05.2019;09663000;Würzburger Str.;4-55;97084;;134
26.05.2019;09663000;Würzburger Str.;1-3A ung.;97084;;135
26.05.2019;09663000;Würzburger Str.;2,2A;97084;;137
26.05.2019;09663000;Ysenburgstr.;4-19;97082;;021
26.05.2019;09663000;Ysenburgstr.;2-2C Stw. 4;97082;;023
26.05.2019;09663000;Zehntgasse;;97084;;135
26.05.2019;09663000;Zehnthofstr.;;97080;;040
26.05.2019;09663000;Zeller Str.;40;97082;;016
26.05.2019;09663000;Zeller Str.;2-39,43A-51;97082;;017
26.05.2019;09663000;Zeppelinstr.;5-9B ung.;97074;;075
26.05.2019;09663000;Zeppelinstr.;21-49 ung.;97074;;076
26.05.2019;09663000;Zeppelinstr.;4-12 ger.;97074;;077
26.05.2019;09663000;Zeppelinstr.;11-13A ung.,14-50 ger.;97074;;078
26.05.2019;09663000;Zeppelinstr.;52-72 ger.;97074;;080
26.05.2019;09663000;Zeppelinstr.;51-67 ung.,74-80;97074;;084
26.05.2019;09663000;Ziegelaustr.;;97080;;012
26.05.2019;09663000;Ziegelhütte;;97080;;041
26.05.2019;09663000;Zindelgasse;;97084;;112
26.05.2019;09663000;Zinkhof;;97070;;001
26.05.2019;09663000;Zinklesweg;;97078;;051
26.05.2019;09663000;Zobelweg;2,3D-4A,6-20 ger.;97084;;114
26.05.2019;09663000;Zobelweg;3C,5-19 ung.,22;97084;;115
26.05.2019;09663000;Zülbsgasse;;97084;;112
26.05.2019;09663000;Zum Himmelreich;;97084;;136
26.05.2019;09663000;Zum Storchenbrünnlein;;97084;;136
26.05.2019;09663000;Zum Tännig;;97078;;150
26.05.2019;09663000;Zur Würzburger Mehle;;97084;;136
26.05.2019;09663000;Zu-Rhein-Str.;;97074;;075
26.05.2019;09663000;Zürnstr.;;97074;;075
26.05.2019;09663000;Zweierweg;4;97074;;071
26.05.2019;09663000;Zweierweg;1-5 ung.,6-56,58;97074;;072
26.05.2019;09663000;Zweierweg;57;97074;;085
26.05.2019;09663000;Zweite Felsengasse;;97082;;017
26.05.2019;09663000;Zweiter Siedlungsweg;;97082;;020
26.05.2019;09663000;Zwerchgraben;;97074;;076
26.05.2019;09663000;Zwinger;;97070;;007